,id,proprietary_institution,address,line,area,유형분류,현재 사용현황,향후 사용계획 및 추진사항,capacity,land_category,realty_price,sys_connection,insolation,generation_quantity,economic_feasibility
0,5409,영남본부,부산광역시 부산진구 부암동 681-5,경부선,506.0,활용,미사용,없음,38,철도용지,462000,가능,46.3,875271,159701
1,5410,영남본부,부산광역시 부산진구 부암동 682-10,경부선,3.0,활용,미사용,없음,0,대,462000,가능,46.3,0,0
2,5411,영남본부,부산광역시 부산진구 부암동 682ㅡ9,경부선,17.0,활용,미사용,없음,,,,,,,
3,5420,영남본부,부산광역시 부산진구 부암동 686ㅡ1,경부선,3349.0,활용,미사용,없음,,,,,,,
4,18970,강원본부,충청북도 제천시 고명동 340ㅡ1,중앙선,2396.0,활용,미사용,계획 없음,,,,,,,
5,18971,강원본부,충청북도 제천시 고명동 341ㅡ2,중앙선,43.0,활용,미사용,계획 없음,,,,,,,
6,18972,강원본부,충청북도 제천시 고명동 341ㅡ4,중앙선,60.0,활용,미사용,계획 없음,,,,,,,
7,18974,강원본부,충청북도 제천시 고명동 371ㅡ1,중앙선,182.0,활용,미사용,계획 없음,,,,,,,
8,18975,강원본부,충청북도 제천시 고명동 371ㅡ4,중앙선,704.0,활용,미사용,계획 없음,,,,,,,
9,18976,강원본부,충청북도 제천시 고명동 372ㅡ1,중앙선,89.0,활용,미사용,계획 없음,,,,,,,
10,18977,강원본부,충청북도 제천시 고명동 372ㅡ3,중앙선,50.0,활용,미사용,계획 없음,,,,,,,
11,18978,강원본부,충청북도 제천시 고명동 373ㅡ2,중앙선,2708.0,활용,미사용,계획 없음,,,,,,,
12,18979,강원본부,충청북도 제천시 고명동 378ㅡ2,중앙선,2357.0,활용,미사용,계획 없음,,,,,,,
13,18980,강원본부,충청북도 제천시 고명동 378ㅡ3,중앙선,218.0,활용,미사용,계획 없음,,,,,,,
14,18981,강원본부,충청북도 제천시 고명동 378ㅡ5,중앙선,407.0,활용,미사용,계획 없음,,,,,,,
15,18982,강원본부,충청북도 제천시 고명동 381ㅡ2,중앙선,1884.0,활용,미사용,계획 없음,,,,,,,
16,18983,강원본부,충청북도 제천시 고명동 386ㅡ3,중앙선,99.0,활용,미사용,계획 없음,,,,,,,
17,18984,강원본부,충청북도 제천시 고명동 881ㅡ1,중앙선,73.0,활용,미사용,계획 없음,,,,,,,
18,18986,강원본부,충청북도 제천시 고명동 산 36ㅡ2,중앙선,2083.0,활용,미사용,계획 없음,,,,,,,
19,18987,강원본부,충청북도 제천시 고명동 산 36ㅡ3,중앙선,198.0,활용,미사용,계획 없음,,,,,,,
20,18988,강원본부,충청북도 제천시 고명동 산 48ㅡ3,중앙선,2182.0,활용,미사용,계획 없음,,,,,,,
21,18989,강원본부,충청북도 제천시 고명동 산 48ㅡ5,중앙선,496.0,활용,미사용,계획 없음,,,,,,,
22,18990,강원본부,충청북도 제천시 고명동 산 49ㅡ3,중앙선,2876.0,활용,미사용,계획 없음,,,,,,,
23,18991,강원본부,충청북도 제천시 고명동 산 49ㅡ5,중앙선,496.0,활용,미사용,계획 없음,,,,,,,
24,18992,강원본부,충청북도 제천시 고명동 산 49ㅡ6,중앙선,1091.0,활용,미사용,계획 없음,,,,,,,
25,18993,강원본부,충청북도 제천시 고명동 산 49ㅡ7,중앙선,496.0,활용,미사용,계획 없음,,,,,,,
26,18994,강원본부,충청북도 제천시 대랑동 175ㅡ1,중앙선,321.0,활용,미사용,계획 없음,,,,,,,
27,18995,강원본부,충청북도 제천시 대랑동 185ㅡ2,중앙선,500.0,활용,미사용,계획 없음,,,,,,,
28,18997,강원본부,충청북도 제천시 대랑동 192,중앙선,1257.0,활용,미사용,계획 없음,,,,,,,
29,19001,강원본부,충청북도 제천시 대랑동 223ㅡ6,중앙선,995.0,활용,미사용,계획 없음,,,,,,,
30,19003,강원본부,충청북도 제천시 대랑동 254ㅡ2,중앙선,4367.0,활용,미사용,계획 없음,,,,,,,
31,19005,강원본부,충청북도 제천시 대랑동 260ㅡ13,중앙선,7.0,활용,미사용,계획 없음,,,,,,,
32,19006,강원본부,충청북도 제천시 대랑동 260ㅡ14,중앙선,347.0,활용,미사용,계획 없음,,,,,,,
33,19007,강원본부,충청북도 제천시 대랑동 260ㅡ2,중앙선,126.0,활용,미사용,계획 없음,,,,,,,
34,19008,강원본부,충청북도 제천시 대랑동 260ㅡ3,중앙선,628.0,활용,미사용,계획 없음,,,,,,,
35,19009,강원본부,충청북도 제천시 대랑동 260ㅡ4,중앙선,3421.0,활용,미사용,계획 없음,,,,,,,
36,19010,강원본부,충청북도 제천시 대랑동 260ㅡ5,중앙선,20.0,활용,미사용,계획 없음,,,,,,,
37,19011,강원본부,충청북도 제천시 대랑동 260ㅡ8,중앙선,26.0,활용,미사용,계획 없음,,,,,,,
38,19012,강원본부,충청북도 제천시 대랑동 261ㅡ2,중앙선,747.0,활용,미사용,계획 없음,,,,,,,
39,19013,강원본부,충청북도 제천시 대랑동 261ㅡ4,중앙선,99.0,활용,미사용,계획 없음,,,,,,,
40,19014,강원본부,충청북도 제천시 대랑동 262ㅡ2,중앙선,40.0,활용,미사용,계획 없음,,,,,,,
41,19015,강원본부,충청북도 제천시 대랑동 267ㅡ1,중앙선,267.0,활용,미사용,계획 없음,,,,,,,
42,19016,강원본부,충청북도 제천시 대랑동 267ㅡ3,중앙선,361.0,활용,미사용,계획 없음,,,,,,,
43,19017,강원본부,충청북도 제천시 대랑동 285ㅡ1,중앙선,450.0,활용,미사용,계획 없음,,,,,,,
44,19018,강원본부,충청북도 제천시 대랑동 290ㅡ3,중앙선,592.0,활용,미사용,계획 없음,,,,,,,
45,19019,강원본부,충청북도 제천시 대랑동 291ㅡ2,중앙선,364.0,활용,미사용,계획 없음,,,,,,,
46,19020,강원본부,충청북도 제천시 대랑동 34ㅡ1,중앙선,364.0,활용,미사용,계획 없음,,,,,,,
47,19021,강원본부,충청북도 제천시 대랑동 35ㅡ2,중앙선,1494.0,활용,미사용,계획 없음,,,,,,,
48,19022,강원본부,충청북도 제천시 대랑동 41ㅡ4,중앙선,248.0,활용,미사용,계획 없음,,,,,,,
49,19023,강원본부,충청북도 제천시 대랑동 42ㅡ2,중앙선,635.0,활용,미사용,계획 없음,,,,,,,
50,19025,강원본부,충청북도 제천시 대랑동 72ㅡ3,중앙선,922.0,활용,미사용,계획 없음,,,,,,,
51,19026,강원본부,충청북도 제천시 대랑동 72ㅡ4,중앙선,387.0,활용,미사용,계획 없음,,,,,,,
52,19027,강원본부,충청북도 제천시 대랑동 산 10ㅡ4,중앙선,694.0,활용,미사용,계획 없음,,,,,,,
53,19028,강원본부,충청북도 제천시 대랑동 산 11ㅡ1,중앙선,992.0,활용,미사용,계획 없음,,,,,,,
54,19029,강원본부,충청북도 제천시 대랑동 산 21ㅡ1,중앙선,22268.0,활용,미사용,계획 없음,,,,,,,
55,19030,강원본부,충청북도 제천시 대랑동 산 27ㅡ1,중앙선,298.0,활용,미사용,계획 없음,,,,,,,
56,19031,강원본부,충청북도 제천시 대랑동 산 27ㅡ3,중앙선,2182.0,활용,미사용,계획 없음,,,,,,,
57,19032,강원본부,충청북도 제천시 대랑동 산 27ㅡ4,중앙선,793.0,활용,미사용,계획 없음,,,,,,,
58,19033,강원본부,충청북도 제천시 대랑동 산 27ㅡ5,중앙선,298.0,활용,미사용,계획 없음,,,,,,,
59,19034,강원본부,충청북도 제천시 대랑동 산 28ㅡ1,중앙선,69.0,활용,미사용,계획 없음,,,,,,,
60,19035,강원본부,충청북도 제천시 대랑동 산 29ㅡ2,중앙선,1091.0,활용,미사용,계획 없음,,,,,,,
61,19036,강원본부,충청북도 제천시 대랑동 산 29ㅡ4,중앙선,1686.0,활용,미사용,계획 없음,,,,,,,
62,19038,강원본부,충청북도 제천시 대랑동 산 31ㅡ2,중앙선,5653.0,활용,미사용,계획 없음,,,,,,,
63,19039,강원본부,충청북도 제천시 대랑동 산 38ㅡ2,중앙선,9520.0,활용,미사용,계획 없음,,,,,,,
64,19042,강원본부,충청북도 단양군 매포읍 가평리 110ㅡ2,중앙선,1022.0,기타,미사용,계획 없음,,,,,,,
65,19043,강원본부,충청북도 단양군 매포읍 가평리 111ㅡ1,중앙선,3666.0,기타,미사용,계획 없음,,,,,,,
66,19044,강원본부,충청북도 단양군 매포읍 가평리 113ㅡ1,중앙선,1448.0,기타,미사용,계획 없음,,,,,,,
67,19045,강원본부,충청북도 단양군 매포읍 가평리 115ㅡ1,중앙선,96.0,기타,미사용,계획 없음,,,,,,,
68,19046,강원본부,충청북도 단양군 매포읍 가평리 118ㅡ2,중앙선,10.0,기타,미사용,계획 없음,,,,,,,
69,19047,강원본부,충청북도 단양군 매포읍 가평리 119ㅡ1,중앙선,764.0,기타,미사용,계획 없음,,,,,,,
70,19048,강원본부,충청북도 단양군 매포읍 가평리 119ㅡ3,중앙선,89.0,기타,미사용,계획 없음,,,,,,,
71,19049,강원본부,충청북도 단양군 매포읍 가평리 120ㅡ2,중앙선,1008.0,기타,미사용,계획 없음,,,,,,,
72,19050,강원본부,충청북도 단양군 매포읍 가평리 121ㅡ2,중앙선,13.0,기타,미사용,계획 없음,,,,,,,
73,19051,강원본부,충청북도 단양군 매포읍 가평리 121ㅡ3,중앙선,139.0,기타,미사용,계획 없음,,,,,,,
74,19052,강원본부,충청북도 단양군 매포읍 가평리 122ㅡ2,중앙선,56.0,기타,미사용,계획 없음,,,,,,,
75,19053,강원본부,충청북도 단양군 매포읍 가평리 285ㅡ2,중앙선,707.0,기타,미사용,계획 없음,,,,,,,
76,19054,강원본부,충청북도 단양군 매포읍 가평리 285ㅡ3,중앙선,56.0,기타,미사용,계획 없음,,,,,,,
77,19055,강원본부,충청북도 단양군 매포읍 가평리 288ㅡ12,중앙선,43.0,기타,미사용,계획 없음,,,,,,,
78,19056,강원본부,충청북도 단양군 매포읍 가평리 288ㅡ4,중앙선,1094.0,기타,미사용,계획 없음,,,,,,,
79,19057,강원본부,충청북도 단양군 매포읍 가평리 288ㅡ5,중앙선,93.0,기타,미사용,계획 없음,,,,,,,
80,19058,강원본부,충청북도 단양군 매포읍 가평리 289ㅡ4,중앙선,112.0,기타,미사용,계획 없음,,,,,,,
81,19059,강원본부,충청북도 단양군 매포읍 가평리 289ㅡ5,중앙선,53.0,기타,미사용,계획 없음,,,,,,,
82,19060,강원본부,충청북도 단양군 매포읍 가평리 289ㅡ7,중앙선,73.0,기타,미사용,계획 없음,,,,,,,
83,19061,강원본부,충청북도 단양군 매포읍 가평리 290,중앙선,635.0,기타,미사용,계획 없음,,,,,,,
84,19062,강원본부,충청북도 단양군 매포읍 가평리 475ㅡ7,중앙선,382.0,기타,미사용,계획 없음,,,,,,,
85,19063,강원본부,충청북도 단양군 매포읍 가평리 476ㅡ3,중앙선,522.0,기타,미사용,계획 없음,,,,,,,
86,19064,강원본부,충청북도 단양군 매포읍 가평리 482ㅡ8,중앙선,183.0,기타,미사용,계획 없음,,,,,,,
87,19065,강원본부,충청북도 단양군 매포읍 가평리 483ㅡ3,중앙선,76.0,기타,미사용,계획 없음,,,,,,,
88,19066,강원본부,충청북도 단양군 매포읍 가평리 483ㅡ4,중앙선,393.0,기타,미사용,계획 없음,,,,,,,
89,19067,강원본부,충청북도 단양군 매포읍 가평리 산 24ㅡ1,중앙선,7828.0,기타,미사용,계획 없음,,,,,,,
90,19068,강원본부,충청북도 단양군 매포읍 가평리 산 47ㅡ1,중앙선,298.0,기타,미사용,계획 없음,,,,,,,
91,19069,강원본부,충청북도 단양군 매포읍 가평리 산 47ㅡ3,중앙선,50.0,기타,미사용,계획 없음,,,,,,,
92,19070,강원본부,충청북도 단양군 매포읍 가평리 산 48ㅡ1,중앙선,4066.0,기타,미사용,계획 없음,,,,,,,
93,19071,강원본부,충청북도 단양군 매포읍 고양리 352ㅡ2,중앙선,73.0,기타,미사용,계획 없음,,,,,,,
94,19072,강원본부,충청북도 단양군 매포읍 고양리 352ㅡ23,중앙선,72.0,기타,미사용,계획 없음,,,,,,,
95,19073,강원본부,충청북도 단양군 매포읍 고양리 352ㅡ3,중앙선,153.0,기타,미사용,계획 없음,,,,,,,
96,19074,강원본부,충청북도 단양군 매포읍 고양리 352ㅡ5,중앙선,40.0,기타,미사용,계획 없음,,,,,,,
97,19075,강원본부,충청북도 단양군 매포읍 고양리 353ㅡ1,중앙선,56.0,기타,미사용,계획 없음,,,,,,,
98,19076,강원본부,충청북도 단양군 매포읍 고양리 353ㅡ2,중앙선,13.0,기타,미사용,계획 없음,,,,,,,
99,19077,강원본부,충청북도 단양군 매포읍 고양리 354ㅡ3,중앙선,33.0,기타,미사용,계획 없음,,,,,,,
100,19078,강원본부,충청북도 단양군 매포읍 고양리 354ㅡ5,중앙선,33.0,기타,미사용,계획 없음,,,,,,,
101,19079,강원본부,충청북도 단양군 매포읍 고양리 354ㅡ6,중앙선,33.0,기타,미사용,계획 없음,,,,,,,
102,19080,강원본부,충청북도 단양군 매포읍 고양리 368ㅡ2,중앙선,56.0,기타,미사용,계획 없음,,,,,,,
103,19081,강원본부,충청북도 단양군 매포읍 고양리 368ㅡ3,중앙선,43.0,기타,미사용,계획 없음,,,,,,,
104,19082,강원본부,충청북도 단양군 매포읍 고양리 369ㅡ2,중앙선,1874.0,기타,미사용,계획 없음,,,,,,,
105,19083,강원본부,충청북도 단양군 매포읍 고양리 371ㅡ1,중앙선,450.0,기타,미사용,계획 없음,,,,,,,
106,19084,강원본부,충청북도 단양군 매포읍 고양리 371ㅡ3,중앙선,202.0,기타,미사용,계획 없음,,,,,,,
107,19085,강원본부,충청북도 단양군 매포읍 고양리 371ㅡ6,중앙선,356.0,기타,미사용,계획 없음,,,,,,,
108,19086,강원본부,충청북도 단양군 매포읍 고양리 372ㅡ3,중앙선,940.0,기타,미사용,계획 없음,,,,,,,
109,19087,강원본부,충청북도 단양군 매포읍 고양리 372ㅡ4,중앙선,365.0,기타,미사용,계획 없음,,,,,,,
110,19088,강원본부,충청북도 단양군 매포읍 고양리 372ㅡ8,중앙선,121.0,기타,미사용,계획 없음,,,,,,,
111,19089,강원본부,충청북도 단양군 매포읍 고양리 372ㅡ9,중앙선,169.0,기타,미사용,계획 없음,,,,,,,
112,19090,강원본부,충청북도 단양군 매포읍 고양리 373ㅡ15,중앙선,433.0,기타,미사용,계획 없음,,,,,,,
113,19092,강원본부,충청북도 단양군 매포읍 고양리 373ㅡ4,중앙선,175.0,기타,미사용,계획 없음,,,,,,,
114,19093,강원본부,충청북도 단양군 매포읍 고양리 373ㅡ6,중앙선,543.0,기타,미사용,계획 없음,,,,,,,
115,19094,강원본부,충청북도 단양군 매포읍 고양리 374ㅡ1,중앙선,46.0,기타,미사용,계획 없음,,,,,,,
116,19095,강원본부,충청북도 단양군 매포읍 고양리 375ㅡ13,중앙선,405.0,기타,미사용,계획 없음,,,,,,,
117,19096,강원본부,충청북도 단양군 매포읍 고양리 375ㅡ15,중앙선,10.0,기타,미사용,계획 없음,,,,,,,
118,19098,강원본부,충청북도 단양군 매포읍 고양리 375ㅡ7,중앙선,300.0,기타,미사용,계획 없음,,,,,,,
119,19099,강원본부,충청북도 단양군 매포읍 고양리 375ㅡ8,중앙선,93.0,기타,미사용,계획 없음,,,,,,,
120,19100,강원본부,충청북도 단양군 매포읍 고양리 산 1ㅡ2,중앙선,1190.0,기타,미사용,계획 없음,,,,,,,
121,19101,강원본부,충청북도 단양군 매포읍 고양리 산 31ㅡ2,중앙선,3967.0,기타,미사용,계획 없음,,,,,,,
122,19103,강원본부,충청북도 단양군 매포읍 김산리 243ㅡ5,중앙선,258.0,기타,미사용,계획 없음,,,,,,,
123,19104,강원본부,충청북도 단양군 매포읍 김산리 244ㅡ1,중앙선,281.0,기타,미사용,계획 없음,,,,,,,
124,19105,강원본부,충청북도 단양군 매포읍 김산리 244ㅡ2,중앙선,635.0,기타,미사용,계획 없음,,,,,,,
125,19106,강원본부,충청북도 단양군 매포읍 김산리 245ㅡ2,중앙선,331.0,기타,미사용,계획 없음,,,,,,,
126,19107,강원본부,충청북도 단양군 매포읍 김산리 245ㅡ3,중앙선,165.0,기타,미사용,계획 없음,,,,,,,
127,19108,강원본부,충청북도 단양군 매포읍 김산리 245ㅡ4,중앙선,585.0,기타,미사용,계획 없음,,,,,,,
128,19112,강원본부,충청북도 단양군 매포읍 삼곡리 429ㅡ10,중앙선,873.0,기타,미사용,계획 없음,,,,,,,
129,19113,강원본부,충청북도 단양군 매포읍 삼곡리 435ㅡ1,중앙선,685.0,기타,미사용,계획 없음,,,,,,,
130,19114,강원본부,충청북도 단양군 매포읍 삼곡리 산 4ㅡ2,중앙선,893.0,기타,미사용,계획 없음,,,,,,,
131,19115,강원본부,충청북도 단양군 매포읍 삼곡리 산 4ㅡ3,중앙선,33.0,기타,미사용,계획 없음,,,,,,,
132,19116,강원본부,충청북도 단양군 매포읍 상시리 103ㅡ2,중앙선,112.0,기타,미사용,계획 없음,,,,,,,
133,19117,강원본부,충청북도 단양군 매포읍 상시리 106ㅡ2,중앙선,1385.0,기타,미사용,계획 없음,,,,,,,
134,19118,강원본부,충청북도 단양군 매포읍 상시리 109ㅡ2,중앙선,605.0,기타,미사용,계획 없음,,,,,,,
135,19119,강원본부,충청북도 단양군 매포읍 상시리 115ㅡ2,중앙선,354.0,기타,미사용,계획 없음,,,,,,,
136,19120,강원본부,충청북도 단양군 매포읍 상시리 116ㅡ2,중앙선,36.0,기타,미사용,계획 없음,,,,,,,
137,19121,강원본부,충청북도 단양군 매포읍 상시리 142ㅡ1,중앙선,30.0,기타,미사용,계획 없음,,,,,,,
138,19122,강원본부,충청북도 단양군 매포읍 상시리 145ㅡ1,중앙선,13.0,기타,미사용,계획 없음,,,,,,,
139,19123,강원본부,충청북도 단양군 매포읍 상시리 145ㅡ5,중앙선,747.0,기타,미사용,계획 없음,,,,,,,
140,19124,강원본부,충청북도 단양군 매포읍 상시리 146ㅡ1,중앙선,152.0,기타,미사용,계획 없음,,,,,,,
141,19125,강원본부,충청북도 단양군 매포읍 상시리 147ㅡ1,중앙선,46.0,기타,미사용,계획 없음,,,,,,,
142,19126,강원본부,충청북도 단양군 매포읍 상시리 147ㅡ2,중앙선,56.0,기타,미사용,계획 없음,,,,,,,
143,19127,강원본부,충청북도 단양군 매포읍 상시리 148ㅡ1,중앙선,169.0,기타,미사용,계획 없음,,,,,,,
144,19128,강원본부,충청북도 단양군 매포읍 상시리 148ㅡ2,중앙선,23.0,기타,미사용,계획 없음,,,,,,,
145,19129,강원본부,충청북도 단양군 매포읍 상시리 148ㅡ4,중앙선,60.0,기타,미사용,계획 없음,,,,,,,
146,19130,강원본부,충청북도 단양군 매포읍 상시리 148ㅡ5,중앙선,10.0,기타,미사용,계획 없음,,,,,,,
147,19131,강원본부,충청북도 단양군 매포읍 상시리 149ㅡ1,중앙선,3778.0,기타,미사용,계획 없음,,,,,,,
148,19132,강원본부,충청북도 단양군 매포읍 상시리 178ㅡ2,중앙선,7.0,기타,미사용,계획 없음,,,,,,,
149,19133,강원본부,충청북도 단양군 매포읍 상시리 179ㅡ3,중앙선,93.0,기타,미사용,계획 없음,,,,,,,
150,19134,강원본부,충청북도 단양군 매포읍 상시리 179ㅡ4,중앙선,50.0,기타,미사용,계획 없음,,,,,,,
151,19135,강원본부,충청북도 단양군 매포읍 상시리 179ㅡ5,중앙선,215.0,기타,미사용,계획 없음,,,,,,,
152,19136,강원본부,충청북도 단양군 매포읍 상시리 179ㅡ6,중앙선,165.0,기타,미사용,계획 없음,,,,,,,
153,19137,강원본부,충청북도 단양군 매포읍 상시리 179ㅡ7,중앙선,99.0,기타,미사용,계획 없음,,,,,,,
154,19138,강원본부,충청북도 단양군 매포읍 상시리 179ㅡ8,중앙선,17.0,기타,미사용,계획 없음,,,,,,,
155,19139,강원본부,충청북도 단양군 매포읍 상시리 253ㅡ5,중앙선,539.0,기타,미사용,계획 없음,,,,,,,
156,19140,강원본부,충청북도 단양군 매포읍 상시리 253ㅡ7,중앙선,36.0,기타,미사용,계획 없음,,,,,,,
157,19141,강원본부,충청북도 단양군 매포읍 상시리 260ㅡ2,중앙선,2493.0,기타,미사용,계획 없음,,,,,,,
158,19142,강원본부,충청북도 단양군 매포읍 상시리 264ㅡ6,중앙선,1266.0,기타,미사용,계획 없음,,,,,,,
159,19143,강원본부,충청북도 단양군 매포읍 상시리 267ㅡ2,중앙선,7.0,기타,미사용,계획 없음,,,,,,,
160,19144,강원본부,충청북도 단양군 매포읍 상시리 269ㅡ1,중앙선,1341.0,기타,미사용,계획 없음,,,,,,,
161,19146,강원본부,충청북도 단양군 매포읍 상시리 372ㅡ1,중앙선,289.0,기타,미사용,계획 없음,,,,,,,
162,19147,강원본부,충청북도 단양군 매포읍 상시리 375ㅡ1,중앙선,91.0,기타,미사용,계획 없음,,,,,,,
163,19148,강원본부,충청북도 단양군 매포읍 상시리 379ㅡ1,중앙선,283.0,기타,미사용,계획 없음,,,,,,,
164,19149,강원본부,충청북도 단양군 매포읍 상시리 385ㅡ5,중앙선,73.0,기타,미사용,계획 없음,,,,,,,
165,19151,강원본부,충청북도 단양군 매포읍 상시리 397ㅡ3,중앙선,137.0,기타,미사용,계획 없음,,,,,,,
166,19152,강원본부,충청북도 단양군 매포읍 상시리 398ㅡ5,중앙선,71.0,기타,미사용,계획 없음,,,,,,,
167,19154,강원본부,충청북도 단양군 매포읍 상시리 산 33ㅡ2,중앙선,496.0,기타,미사용,계획 없음,,,,,,,
168,19155,강원본부,충청북도 단양군 매포읍 상시리 산 33ㅡ3,중앙선,397.0,기타,미사용,계획 없음,,,,,,,
169,19157,강원본부,충청북도 단양군 매포읍 상시리 산 41ㅡ4,중앙선,99.0,기타,미사용,계획 없음,,,,,,,
170,19158,강원본부,충청북도 단양군 매포읍 상시리 산 42ㅡ1,중앙선,1190.0,기타,미사용,계획 없음,,,,,,,
171,19159,강원본부,충청북도 단양군 매포읍 상시리 산 7ㅡ2,중앙선,893.0,기타,미사용,계획 없음,,,,,,,
172,19160,강원본부,충청북도 단양군 매포읍 상시리 산 9ㅡ2,중앙선,5287.0,기타,미사용,계획 없음,,,,,,,
173,19161,강원본부,충청북도 단양군 매포읍 안동리 122ㅡ2,중앙선,4473.0,기타,미사용,계획 없음,,,,,,,
174,19162,강원본부,충청북도 단양군 매포읍 안동리 167ㅡ1,중앙선,2238.0,기타,미사용,계획 없음,,,,,,,
175,19163,강원본부,충청북도 단양군 매포읍 안동리 176ㅡ2,중앙선,863.0,기타,미사용,계획 없음,,,,,,,
176,19164,강원본부,충청북도 단양군 매포읍 안동리 225ㅡ2,중앙선,3411.0,기타,미사용,계획 없음,,,,,,,
177,19165,강원본부,충청북도 단양군 매포읍 안동리 230ㅡ2,중앙선,2493.0,기타,미사용,계획 없음,,,,,,,
178,19166,강원본부,충청북도 단양군 매포읍 안동리 272,중앙선,5654.0,기타,미사용,계획 없음,,,,,,,
179,19167,강원본부,충청북도 단양군 매포읍 안동리 285ㅡ1,중앙선,5478.0,기타,미사용,계획 없음,,,,,,,
180,19168,강원본부,충청북도 단양군 매포읍 안동리 296ㅡ2,중앙선,840.0,기타,미사용,계획 없음,,,,,,,
181,19169,강원본부,충청북도 단양군 매포읍 안동리 297ㅡ2,중앙선,251.0,기타,미사용,계획 없음,,,,,,,
182,19170,강원본부,충청북도 단양군 매포읍 안동리 342ㅡ1,중앙선,57.0,기타,미사용,계획 없음,,,,,,,
183,19171,강원본부,충청북도 단양군 매포읍 안동리 343ㅡ5,중앙선,295.0,기타,미사용,계획 없음,,,,,,,
184,19172,강원본부,충청북도 단양군 매포읍 안동리 산 13ㅡ3,중앙선,99.0,기타,미사용,계획 없음,,,,,,,
185,19173,강원본부,충청북도 단양군 매포읍 안동리 산 13ㅡ4,중앙선,46.0,기타,미사용,계획 없음,,,,,,,
186,19174,강원본부,충청북도 단양군 매포읍 안동리 산 13ㅡ5,중앙선,496.0,기타,미사용,계획 없음,,,,,,,
187,19175,강원본부,충청북도 단양군 매포읍 안동리 산 15ㅡ1,중앙선,3769.0,기타,미사용,계획 없음,,,,,,,
188,19176,강원본부,충청북도 단양군 매포읍 안동리 산 17ㅡ1,중앙선,99.0,기타,미사용,계획 없음,,,,,,,
189,19177,강원본부,충청북도 단양군 매포읍 안동리 산 27ㅡ2,중앙선,1785.0,기타,미사용,계획 없음,,,,,,,
190,19178,강원본부,충청북도 단양군 매포읍 안동리 산 28ㅡ2,중앙선,198.0,기타,미사용,계획 없음,,,,,,,
191,19179,강원본부,충청북도 단양군 매포읍 영천리 313ㅡ2,중앙선,129.0,기타,미사용,계획 없음,,,,,,,
192,19180,강원본부,충청북도 단양군 매포읍 영천리 314ㅡ3,중앙선,3282.0,기타,미사용,계획 없음,,,,,,,
193,19181,강원본부,충청북도 단양군 매포읍 영천리 433ㅡ3,중앙선,2936.0,기타,미사용,계획 없음,,,,,,,
194,19182,강원본부,충청북도 단양군 매포읍 영천리 435ㅡ1,중앙선,674.0,기타,미사용,계획 없음,,,,,,,
195,19183,강원본부,충청북도 단양군 매포읍 영천리 442ㅡ2,중앙선,943.0,기타,미사용,계획 없음,,,,,,,
196,19184,강원본부,충청북도 단양군 매포읍 영천리 444ㅡ2,중앙선,145.0,기타,미사용,계획 없음,,,,,,,
197,19185,강원본부,충청북도 단양군 매포읍 영천리 446ㅡ3,중앙선,7.0,기타,미사용,계획 없음,,,,,,,
198,19186,강원본부,충청북도 단양군 매포읍 영천리 446ㅡ5,중앙선,1452.0,기타,미사용,계획 없음,,,,,,,
199,19187,강원본부,충청북도 단양군 매포읍 영천리 464ㅡ1,중앙선,488.0,기타,미사용,계획 없음,,,,,,,
200,19188,강원본부,충청북도 단양군 매포읍 영천리 464ㅡ3,중앙선,47.0,기타,미사용,계획 없음,,,,,,,
201,19189,강원본부,충청북도 단양군 매포읍 영천리 산 52ㅡ1,중앙선,198.0,기타,미사용,계획 없음,,,,,,,
202,19190,강원본부,충청북도 단양군 매포읍 영천리 산 52ㅡ3,중앙선,3174.0,기타,미사용,계획 없음,,,,,,,
203,19191,강원본부,충청북도 단양군 매포읍 영천리 산 52ㅡ4,중앙선,2777.0,기타,미사용,계획 없음,,,,,,,
204,19192,강원본부,충청북도 단양군 매포읍 영천리 산 52ㅡ5,중앙선,2281.0,기타,미사용,계획 없음,,,,,,,
205,19193,강원본부,충청북도 단양군 매포읍 영천리 산 54ㅡ2,중앙선,5653.0,기타,미사용,계획 없음,,,,,,,
206,19195,강원본부,충청북도 단양군 매포읍 하시리 137ㅡ2,중앙선,559.0,기타,미사용,계획 없음,,,,,,,
207,19196,강원본부,충청북도 단양군 매포읍 하시리 233ㅡ1,중앙선,678.0,기타,미사용,계획 없음,,,,,,,
208,19197,강원본부,충청북도 단양군 매포읍 하시리 산 2ㅡ2,중앙선,1587.0,기타,미사용,계획 없음,,,,,,,
209,19198,강원본부,충청북도 단양군 매포읍 하시리 산 3ㅡ2,중앙선,893.0,기타,미사용,계획 없음,,,,,,,
210,19199,강원본부,충청북도 단양군 매포읍 하시리 산 4ㅡ2,중앙선,694.0,기타,미사용,계획 없음,,,,,,,
211,19200,강원본부,충청북도 단양군 매포읍 하시리 산 59ㅡ2,중앙선,694.0,기타,미사용,계획 없음,,,,,,,
212,19203,강원본부,충청북도 단양군 매포읍 하시리 산 5ㅡ2,중앙선,1091.0,기타,미사용,계획 없음,,,,,,,
213,19205,강원본부,충청북도 단양군 매포읍 하시리 산 7ㅡ2,중앙선,1884.0,기타,미사용,계획 없음,,,,,,,
214,19206,강원본부,경상북도 영주시 문수면 승문리 1255,중앙선,2838.0,활용,미사용,계획 없음,,,,,,,
215,19207,강원본부,경상북도 영주시 문수면 승문리 1265ㅡ2,중앙선,13.0,활용,미사용,계획 없음,,,,,,,
216,19208,강원본부,경상북도 영주시 문수면 승문리 1269ㅡ1,중앙선,205.0,활용,미사용,계획 없음,,,,,,,
217,19209,강원본부,경상북도 영주시 문수면 승문리 1275ㅡ1,중앙선,23.0,활용,미사용,계획 없음,,,,,,,
218,19210,강원본부,경상북도 영주시 문수면 승문리 1285ㅡ1,중앙선,7.0,활용,미사용,계획 없음,,,,,,,
219,19211,강원본부,경상북도 영주시 문수면 승문리 1286ㅡ1,중앙선,1570.0,활용,미사용,계획 없음,,,,,,,
220,19212,강원본부,경상북도 영주시 문수면 승문리 1287ㅡ2,중앙선,1528.0,활용,미사용,계획 없음,,,,,,,
221,19213,강원본부,경상북도 영주시 문수면 승문리 1291ㅡ1,중앙선,17.0,활용,미사용,계획 없음,,,,,,,
222,19214,강원본부,경상북도 영주시 문수면 승문리 1293ㅡ1,중앙선,575.0,활용,미사용,계획 없음,,,,,,,
223,19215,강원본부,경상북도 영주시 문수면 승문리 1294ㅡ2,중앙선,23.0,활용,미사용,계획 없음,,,,,,,
224,19216,강원본부,경상북도 영주시 문수면 승문리 1294ㅡ3,중앙선,413.0,활용,미사용,계획 없음,,,,,,,
225,19218,강원본부,경상북도 영주시 문수면 승문리 1329ㅡ3,중앙선,50.0,활용,미사용,계획 없음,,,,,,,
226,19219,강원본부,경상북도 영주시 문수면 승문리 1330ㅡ4,중앙선,46.0,활용,미사용,계획 없음,,,,,,,
227,19220,강원본부,경상북도 영주시 문수면 승문리 1331ㅡ3,중앙선,20.0,활용,미사용,계획 없음,,,,,,,
228,19221,강원본부,경상북도 영주시 문수면 승문리 1333ㅡ1,중앙선,930.0,활용,미사용,계획 없음,,,,,,,
229,19222,강원본부,경상북도 영주시 문수면 승문리 1334,중앙선,69.0,활용,미사용,계획 없음,,,,,,,
230,19223,강원본부,경상북도 영주시 문수면 승문리 1335ㅡ1,중앙선,228.0,활용,미사용,계획 없음,,,,,,,
231,19224,강원본부,경상북도 영주시 문수면 승문리 1337ㅡ2,중앙선,7.0,활용,미사용,계획 없음,,,,,,,
232,19225,강원본부,경상북도 영주시 문수면 승문리 1343,중앙선,2374.0,활용,미사용,계획 없음,,,,,,,
233,19226,강원본부,경상북도 영주시 문수면 승문리 1344ㅡ2,중앙선,122.0,활용,미사용,계획 없음,,,,,,,
234,19228,강원본부,경상북도 영주시 문수면 승문리 1387ㅡ3,중앙선,56.0,활용,미사용,계획 없음,,,,,,,
235,19230,강원본부,경상북도 영주시 문수면 승문리 1400ㅡ1,중앙선,2598.0,활용,미사용,계획 없음,,,,,,,
236,19231,강원본부,경상북도 영주시 문수면 승문리 1401,중앙선,136.0,활용,미사용,계획 없음,,,,,,,
237,19232,강원본부,경상북도 영주시 문수면 승문리 1403ㅡ4,중앙선,36.0,활용,미사용,계획 없음,,,,,,,
238,19233,강원본부,경상북도 영주시 문수면 승문리 1698ㅡ1,중앙선,155.0,활용,미사용,계획 없음,,,,,,,
239,19234,강원본부,경상북도 영주시 문수면 승문리 1698ㅡ2,중앙선,423.0,활용,미사용,계획 없음,,,,,,,
240,19237,강원본부,경상북도 영주시 문수면 승문리 1779ㅡ1,중앙선,720.0,활용,미사용,계획 없음,,,,,,,
241,19238,강원본부,경상북도 영주시 문수면 승문리 1779ㅡ4,중앙선,675.0,활용,미사용,계획 없음,,,,,,,
242,19239,강원본부,경상북도 영주시 문수면 승문리 1780ㅡ1,중앙선,456.0,활용,미사용,계획 없음,,,,,,,
243,19241,강원본부,경상북도 영주시 문수면 승문리 1807ㅡ1,중앙선,221.0,활용,미사용,계획 없음,,,,,,,
244,19242,강원본부,경상북도 영주시 문수면 승문리 1808ㅡ1,중앙선,337.0,활용,미사용,계획 없음,,,,,,,
245,19243,강원본부,경상북도 영주시 문수면 승문리 1809ㅡ1,중앙선,416.0,활용,미사용,계획 없음,,,,,,,
246,19244,강원본부,경상북도 영주시 문수면 승문리 1810,중앙선,53.0,활용,미사용,계획 없음,,,,,,,
247,19245,강원본부,경상북도 영주시 문수면 승문리 1811ㅡ1,중앙선,80.0,활용,미사용,계획 없음,,,,,,,
248,19247,강원본부,경상북도 영주시 문수면 승문리 527ㅡ5,중앙선,10.0,활용,미사용,계획 없음,,,,,,,
249,19248,강원본부,경상북도 영주시 문수면 승문리 528ㅡ5,중앙선,56.0,활용,미사용,계획 없음,,,,,,,
250,19249,강원본부,경상북도 영주시 문수면 승문리 529ㅡ3,중앙선,122.0,활용,미사용,계획 없음,,,,,,,
251,19250,강원본부,경상북도 영주시 문수면 승문리 530ㅡ3,중앙선,46.0,활용,미사용,계획 없음,,,,,,,
252,19251,강원본부,경상북도 영주시 문수면 승문리 531ㅡ3,중앙선,23.0,활용,미사용,계획 없음,,,,,,,
253,19252,강원본부,경상북도 영주시 문수면 승문리 531ㅡ4,중앙선,23.0,활용,미사용,계획 없음,,,,,,,
254,19256,강원본부,경상북도 영주시 문수면 승문리 산 102ㅡ1,중앙선,198.0,활용,미사용,계획 없음,,,,,,,
255,19257,강원본부,경상북도 영주시 문수면 승문리 산 102ㅡ2,중앙선,60.0,활용,미사용,계획 없음,,,,,,,
256,19258,강원본부,경상북도 영주시 문수면 승문리 산 103ㅡ2,중앙선,1686.0,활용,미사용,계획 없음,,,,,,,
257,19259,강원본부,경상북도 영주시 문수면 승문리 산 103ㅡ4,중앙선,198.0,활용,미사용,계획 없음,,,,,,,
258,19260,강원본부,경상북도 영주시 문수면 승문리 산 111ㅡ2,중앙선,1785.0,활용,미사용,계획 없음,,,,,,,
259,19261,강원본부,경상북도 영주시 문수면 승문리 산 111ㅡ4,중앙선,198.0,활용,미사용,계획 없음,,,,,,,
260,19262,강원본부,경상북도 영주시 문수면 승문리 산 112ㅡ2,중앙선,298.0,활용,미사용,계획 없음,,,,,,,
261,19263,강원본부,경상북도 영주시 문수면 승문리 산 112ㅡ3,중앙선,1190.0,활용,미사용,계획 없음,,,,,,,
262,19267,강원본부,경상북도 영주시 문수면 승문리 산 213ㅡ1,중앙선,126.0,활용,미사용,계획 없음,,,,,,,
263,19268,강원본부,경상북도 영주시 문수면 승문리 산 93ㅡ4,중앙선,3273.0,활용,미사용,계획 없음,,,,,,,
264,19269,강원본부,경상북도 영주시 문수면 승문리 산 93ㅡ6,중앙선,99.0,활용,미사용,계획 없음,,,,,,,
265,19270,강원본부,경상북도 영주시 문수면 승문리 산 95ㅡ1,중앙선,595.0,활용,미사용,계획 없음,,,,,,,
266,19271,강원본부,경상북도 영주시 문수면 승문리 산 96ㅡ2,중앙선,73.0,활용,미사용,계획 없음,,,,,,,
267,19272,강원본부,경상북도 영주시 문수면 승문리 산 96ㅡ3,중앙선,397.0,활용,미사용,계획 없음,,,,,,,
268,19273,강원본부,경상북도 영주시 문수면 승문리 산 96ㅡ5,중앙선,69.0,활용,미사용,계획 없음,,,,,,,
269,19274,강원본부,경상북도 영주시 문수면 승문리 산 97ㅡ1,중앙선,496.0,활용,미사용,계획 없음,,,,,,,
270,19275,강원본부,경상북도 영주시 문수면 승문리 산 97ㅡ2,중앙선,99.0,활용,미사용,계획 없음,,,,,,,
271,19276,강원본부,경상북도 영주시 평은면 강동리 717ㅡ2,중앙선,109.0,활용,미사용,계획 없음,,,,,,,
272,19277,강원본부,경상북도 영주시 평은면 강동리 729ㅡ2,중앙선,83.0,활용,미사용,계획 없음,,,,,,,
273,19278,강원본부,경상북도 영주시 평은면 강동리 730ㅡ1,중앙선,221.0,활용,미사용,계획 없음,,,,,,,
274,19279,강원본부,경상북도 영주시 평은면 강동리 732ㅡ2,중앙선,968.0,활용,미사용,계획 없음,,,,,,,
275,19280,강원본부,경상북도 영주시 평은면 강동리 734ㅡ2,중앙선,20.0,활용,미사용,계획 없음,,,,,,,
276,19281,강원본부,경상북도 영주시 평은면 강동리 735ㅡ2,중앙선,344.0,활용,미사용,계획 없음,,,,,,,
277,19282,강원본부,경상북도 영주시 평은면 강동리 736ㅡ1,중앙선,109.0,활용,미사용,계획 없음,,,,,,,
278,19283,강원본부,경상북도 영주시 평은면 강동리 887ㅡ1,중앙선,17.0,활용,미사용,계획 없음,,,,,,,
279,19284,강원본부,경상북도 영주시 평은면 강동리 903ㅡ2,중앙선,575.0,활용,미사용,계획 없음,,,,,,,
280,19285,강원본부,경상북도 영주시 평은면 강동리 905ㅡ2,중앙선,621.0,활용,미사용,계획 없음,,,,,,,
281,19286,강원본부,경상북도 영주시 평은면 강동리 913ㅡ2,중앙선,572.0,활용,미사용,계획 없음,,,,,,,
282,19287,강원본부,경상북도 영주시 평은면 강동리 913ㅡ4,중앙선,516.0,활용,미사용,계획 없음,,,,,,,
283,19288,강원본부,경상북도 영주시 평은면 강동리 914ㅡ1,중앙선,20.0,활용,미사용,계획 없음,,,,,,,
284,19289,강원본부,경상북도 영주시 평은면 강동리 955ㅡ3,중앙선,291.0,활용,미사용,계획 없음,,,,,,,
285,19290,강원본부,경상북도 영주시 평은면 강동리 955ㅡ4,중앙선,393.0,활용,미사용,계획 없음,,,,,,,
286,19291,강원본부,경상북도 영주시 평은면 강동리 959ㅡ2,중앙선,1385.0,활용,미사용,계획 없음,,,,,,,
287,19292,강원본부,경상북도 영주시 평은면 강동리 산 145ㅡ2,중앙선,595.0,활용,미사용,계획 없음,,,,,,,
288,19293,강원본부,경상북도 영주시 평은면 강동리 산 146ㅡ2,중앙선,2380.0,활용,미사용,계획 없음,,,,,,,
289,19294,강원본부,경상북도 영주시 평은면 강동리 산 147ㅡ2,중앙선,3137.0,활용,미사용,계획 없음,,,,,,,
290,19295,강원본부,경상북도 영주시 평은면 강동리 산 147ㅡ3,중앙선,99.0,활용,미사용,계획 없음,,,,,,,
291,19296,강원본부,경상북도 영주시 평은면 강동리 산 147ㅡ4,중앙선,79.0,활용,미사용,계획 없음,,,,,,,
292,19297,강원본부,경상북도 영주시 평은면 강동리 산 71ㅡ3,중앙선,1091.0,활용,미사용,계획 없음,,,,,,,
293,19298,강원본부,경상북도 영주시 평은면 강동리 산 71ㅡ5,중앙선,397.0,활용,미사용,계획 없음,,,,,,,
294,19299,강원본부,경상북도 영주시 평은면 강동리 산 71ㅡ6,중앙선,992.0,활용,미사용,계획 없음,,,,,,,
295,19300,강원본부,경상북도 영주시 평은면 강동리 산 72ㅡ3,중앙선,89.0,활용,미사용,계획 없음,,,,,,,
296,19301,강원본부,경상북도 영주시 평은면 강동리 산 72ㅡ4,중앙선,1587.0,활용,미사용,계획 없음,,,,,,,
297,19302,강원본부,경상북도 영주시 평은면 강동리 산 73ㅡ3,중앙선,793.0,활용,미사용,계획 없음,,,,,,,
298,19303,강원본부,경상북도 영주시 평은면 강동리 산 73ㅡ5,중앙선,1488.0,활용,미사용,계획 없음,,,,,,,
299,19304,강원본부,경상북도 영주시 평은면 용혈리 1251ㅡ11,중앙선,222.0,활용,미사용,계획 없음,,,,,,,
300,19305,강원본부,경상북도 영주시 평은면 용혈리 1251ㅡ12,중앙선,314.0,활용,미사용,계획 없음,,,,,,,
301,19306,강원본부,경상북도 영주시 평은면 용혈리 1251ㅡ13,중앙선,170.0,활용,미사용,계획 없음,,,,,,,
302,19308,강원본부,경상북도 영주시 평은면 용혈리 1291ㅡ3,중앙선,45.0,활용,미사용,계획 없음,,,,,,,
303,19309,강원본부,경상북도 영주시 평은면 용혈리 1292ㅡ1,중앙선,35.0,활용,미사용,계획 없음,,,,,,,
304,19312,강원본부,경상북도 영주시 평은면 용혈리 1296ㅡ3,중앙선,36.0,활용,미사용,계획 없음,,,,,,,
305,19313,강원본부,경상북도 영주시 평은면 용혈리 1296ㅡ5,중앙선,138.0,활용,미사용,계획 없음,,,,,,,
306,19314,강원본부,경상북도 영주시 평은면 용혈리 407ㅡ2,중앙선,245.0,활용,미사용,계획 없음,,,,,,,
307,19315,강원본부,경상북도 영주시 평은면 용혈리 415ㅡ2,중앙선,1101.0,활용,미사용,계획 없음,,,,,,,
308,19316,강원본부,경상북도 영주시 평은면 용혈리 415ㅡ4,중앙선,76.0,활용,미사용,계획 없음,,,,,,,
309,19317,강원본부,경상북도 영주시 평은면 용혈리 416ㅡ2,중앙선,1312.0,활용,미사용,계획 없음,,,,,,,
310,19318,강원본부,경상북도 영주시 평은면 용혈리 417ㅡ1,중앙선,46.0,활용,미사용,계획 없음,,,,,,,
311,19319,강원본부,경상북도 영주시 평은면 용혈리 423ㅡ1,중앙선,36.0,활용,미사용,계획 없음,,,,,,,
312,19320,강원본부,경상북도 영주시 평은면 용혈리 424ㅡ2,중앙선,109.0,활용,미사용,계획 없음,,,,,,,
313,19321,강원본부,경상북도 영주시 평은면 용혈리 426ㅡ1,중앙선,13.0,활용,미사용,계획 없음,,,,,,,
314,19322,강원본부,경상북도 영주시 평은면 용혈리 427ㅡ1,중앙선,17.0,활용,미사용,계획 없음,,,,,,,
315,19323,강원본부,경상북도 영주시 평은면 용혈리 427ㅡ2,중앙선,73.0,활용,미사용,계획 없음,,,,,,,
316,19324,강원본부,경상북도 영주시 평은면 용혈리 439ㅡ2,중앙선,169.0,활용,미사용,계획 없음,,,,,,,
317,19325,강원본부,경상북도 영주시 평은면 용혈리 440ㅡ2,중앙선,241.0,활용,미사용,계획 없음,,,,,,,
318,19326,강원본부,경상북도 영주시 평은면 용혈리 491ㅡ1,중앙선,119.0,활용,미사용,계획 없음,,,,,,,
319,19327,강원본부,경상북도 영주시 평은면 용혈리 492ㅡ2,중앙선,1170.0,활용,미사용,계획 없음,,,,,,,
320,19328,강원본부,경상북도 영주시 평은면 용혈리 493ㅡ2,중앙선,23.0,활용,미사용,계획 없음,,,,,,,
321,19329,강원본부,경상북도 영주시 평은면 용혈리 494ㅡ1,중앙선,717.0,활용,미사용,계획 없음,,,,,,,
322,19330,강원본부,경상북도 영주시 평은면 용혈리 495ㅡ1,중앙선,453.0,활용,미사용,계획 없음,,,,,,,
323,19331,강원본부,경상북도 영주시 평은면 용혈리 495ㅡ2,중앙선,33.0,활용,미사용,계획 없음,,,,,,,
324,19333,강원본부,경상북도 영주시 평은면 용혈리 514ㅡ2,중앙선,162.0,활용,미사용,계획 없음,,,,,,,
325,19335,강원본부,경상북도 영주시 평은면 용혈리 515ㅡ2,중앙선,26.0,활용,미사용,계획 없음,,,,,,,
326,19336,강원본부,경상북도 영주시 평은면 용혈리 515ㅡ4,중앙선,30.0,활용,미사용,계획 없음,,,,,,,
327,19338,강원본부,경상북도 영주시 평은면 용혈리 516ㅡ3,중앙선,13.0,활용,미사용,계획 없음,,,,,,,
328,19341,강원본부,경상북도 영주시 평은면 용혈리 518ㅡ4,중앙선,7.0,활용,미사용,계획 없음,,,,,,,
329,19343,강원본부,경상북도 영주시 평은면 용혈리 519ㅡ4,중앙선,20.0,활용,미사용,계획 없음,,,,,,,
330,19345,강원본부,경상북도 영주시 평은면 용혈리 520ㅡ4,중앙선,13.0,활용,미사용,계획 없음,,,,,,,
331,19347,강원본부,경상북도 영주시 평은면 용혈리 521ㅡ3,중앙선,13.0,활용,미사용,계획 없음,,,,,,,
332,19348,강원본부,경상북도 영주시 평은면 용혈리 521ㅡ4,중앙선,26.0,활용,미사용,계획 없음,,,,,,,
333,19349,강원본부,경상북도 영주시 평은면 용혈리 522ㅡ2,중앙선,463.0,활용,미사용,계획 없음,,,,,,,
334,19350,강원본부,경상북도 영주시 평은면 용혈리 522ㅡ4,중앙선,179.0,활용,미사용,계획 없음,,,,,,,
335,19351,강원본부,경상북도 영주시 평은면 용혈리 522ㅡ5,중앙선,102.0,활용,미사용,계획 없음,,,,,,,
336,19352,강원본부,경상북도 영주시 평은면 용혈리 523ㅡ2,중앙선,182.0,활용,미사용,계획 없음,,,,,,,
337,19353,강원본부,경상북도 영주시 평은면 용혈리 523ㅡ3,중앙선,20.0,활용,미사용,계획 없음,,,,,,,
338,19354,강원본부,경상북도 영주시 평은면 용혈리 523ㅡ4,중앙선,63.0,활용,미사용,계획 없음,,,,,,,
339,19356,강원본부,경상북도 영주시 평은면 용혈리 524ㅡ3,중앙선,46.0,활용,미사용,계획 없음,,,,,,,
340,19357,강원본부,경상북도 영주시 평은면 용혈리 524ㅡ4,중앙선,264.0,활용,미사용,계획 없음,,,,,,,
341,19359,강원본부,경상북도 영주시 평은면 용혈리 525ㅡ3,중앙선,10.0,활용,미사용,계획 없음,,,,,,,
342,19360,강원본부,경상북도 영주시 평은면 용혈리 525ㅡ4,중앙선,76.0,활용,미사용,계획 없음,,,,,,,
343,19361,강원본부,경상북도 영주시 평은면 용혈리 577ㅡ2,중앙선,2.0,활용,미사용,계획 없음,,,,,,,
344,19362,강원본부,경상북도 영주시 평은면 용혈리 578ㅡ2,중앙선,50.0,활용,미사용,계획 없음,,,,,,,
345,19363,강원본부,경상북도 영주시 평은면 용혈리 579ㅡ2,중앙선,1.0,활용,미사용,계획 없음,,,,,,,
346,19364,강원본부,경상북도 영주시 평은면 용혈리 580ㅡ2,중앙선,354.0,활용,미사용,계획 없음,,,,,,,
347,19365,강원본부,경상북도 영주시 평은면 용혈리 581ㅡ2,중앙선,1.0,활용,미사용,계획 없음,,,,,,,
348,19366,강원본부,경상북도 영주시 평은면 용혈리 583ㅡ2,중앙선,145.0,활용,미사용,계획 없음,,,,,,,
349,19367,강원본부,경상북도 영주시 평은면 용혈리 584ㅡ2,중앙선,1626.0,활용,미사용,계획 없음,,,,,,,
350,19368,강원본부,경상북도 영주시 평은면 용혈리 585ㅡ2,중앙선,410.0,활용,미사용,계획 없음,,,,,,,
351,19372,강원본부,경상북도 영주시 평은면 용혈리 669ㅡ3,중앙선,36.0,활용,미사용,계획 없음,,,,,,,
352,19373,강원본부,경상북도 영주시 평은면 용혈리 670ㅡ2,중앙선,2.0,활용,미사용,계획 없음,,,,,,,
353,19374,강원본부,경상북도 영주시 평은면 용혈리 670ㅡ3,중앙선,7.0,활용,미사용,계획 없음,,,,,,,
354,19376,강원본부,경상북도 영주시 평은면 용혈리 671ㅡ3,중앙선,7.0,활용,미사용,계획 없음,,,,,,,
355,19377,강원본부,경상북도 영주시 평은면 용혈리 671ㅡ4,중앙선,10.0,활용,미사용,계획 없음,,,,,,,
356,19378,강원본부,경상북도 영주시 평은면 용혈리 673ㅡ1,중앙선,245.0,활용,미사용,계획 없음,,,,,,,
357,19379,강원본부,경상북도 영주시 평은면 용혈리 673ㅡ3,중앙선,10.0,활용,미사용,계획 없음,,,,,,,
358,19380,강원본부,경상북도 영주시 평은면 용혈리 산 19ㅡ2,중앙선,595.0,활용,미사용,계획 없음,,,,,,,
359,19381,강원본부,경상북도 영주시 평은면 용혈리 산 20ㅡ3,중앙선,992.0,활용,미사용,계획 없음,,,,,,,
360,19382,강원본부,경상북도 영주시 평은면 용혈리 산 20ㅡ4,중앙선,893.0,활용,미사용,계획 없음,,,,,,,
361,19383,강원본부,경상북도 영주시 평은면 용혈리 산 22ㅡ2,중앙선,496.0,활용,미사용,계획 없음,,,,,,,
362,19384,강원본부,경상북도 영주시 평은면 용혈리 산 22ㅡ4,중앙선,1091.0,활용,미사용,계획 없음,,,,,,,
363,19385,강원본부,경상북도 영주시 평은면 용혈리 산 22ㅡ6,중앙선,298.0,활용,미사용,계획 없음,,,,,,,
364,19386,강원본부,경상북도 영주시 평은면 용혈리 산 23ㅡ2,중앙선,198.0,활용,미사용,계획 없음,,,,,,,
365,4102,영남본부,경상남도 밀양시 가곡동 651ㅡ35,경부선,31.0,기타,도로사용,계획없음(매각 추진),,,,,,,
366,4106,영남본부,경상남도 밀양시 가곡동 662ㅡ154,경부선,21.0,기타,도로사용,계획없음(매각 추진),,,,,,,
367,4109,영남본부,경상남도 밀양시 가곡동 665ㅡ14,경부선,193.0,기타,도로사용,계획없음(매각 추진),,,,,,,
368,4112,영남본부,경상남도 밀양시 가곡동 667ㅡ11,경부선,18.0,기타,도로사용,계획없음(매각 추진),,,,,,,
369,4113,영남본부,경상남도 밀양시 가곡동 668ㅡ4,경부선,76.0,기타,도로사용,계획없음(매각 추진),,,,,,,
370,4114,영남본부,경상남도 밀양시 가곡동 706ㅡ13,경부선,346.0,기타,도로사용,계획없음(매각 추진),,,,,,,
371,4229,영남본부,경상남도 밀양시 삼랑진읍 임천리 1441,경부선,710.0,기타,나대지,계획없음(매각 추진),,,,,,,
372,4243,영남본부,경상남도 밀양시 상동면 안인리 1619ㅡ4,경부선,425.0,기타,도로상부,계획없음(매각 추진),,,,,,,
373,4314,영남본부,경상남도 양산시 동면 가산리 1022ㅡ9,경부선,9.0,기타,미사용,계획없음(매각 추진),,,,,,,
374,4315,영남본부,경상남도 양산시 동면 가산리 1087ㅡ7,경부선,15.0,기타,미사용,계획없음(매각 추진),,,,,,,
375,12889,충청본부,충청남도 아산시 도고면 봉농리 161-2,장항선,4437.0,활용,사용허가(태양광),계속 사용허가(태양광),,,,,,,
376,12904,충청본부,충청남도 아산시 도고면 신언리 476-2,장항선,446.0,활용,사용허가(태양광),계속 사용허가(태양광),,,,,,,
377,12905,충청본부,충청남도 아산시 도고면 신언리 478-2,장항선,4545.0,활용,사용허가(태양광),계속 사용허가(태양광),,,,,,,
378,12911,충청본부,충청남도 아산시 도고면 신언리 80-1,장항선,724.0,활용,사용허가(태양광),계속 사용허가(태양광),,,,,,,
379,12912,충청본부,충청남도 아산시 도고면 신언리 82-1,장항선,1681.0,활용,사용허가(매설부지),계속 사용허가(태양광),,,,,,,
380,12913,충청본부,충청남도 아산시 도고면 신언리 91-2,장항선,2152.0,활용,사용허가(매설부지),계속 사용허가(태양광),,,,,,,
381,12920,충청본부,충청남도 아산시 방축동 146-2,장항선,2245.0,활용,사용허가(태양광),계속 사용허가(태양광),,,,,,,
382,12921,충청본부,충청남도 아산시 방축동 174-5,장항선,1278.0,활용,사용허가(태양광),계속 사용허가(태양광),,,,,,,
383,12922,충청본부,충청남도 아산시 배미동 149-2,장항선,1187.0,활용,사용허가(태양광),계속 사용허가(태양광),,,,,,,
384,12923,충청본부,충청남도 아산시 배미동 169-2,장항선,1713.0,활용,사용허가(태양광),계속 사용허가(태양광),,,,,,,
385,12924,충청본부,충청남도 아산시 배미동 177-1,장항선,826.0,활용,사용허가(태양광),계속 사용허가(태양광),,,,,,,
386,12925,충청본부,충청남도 아산시 배미동 180-2,장항선,2010.0,활용,사용허가(태양광),계속 사용허가(태양광),,,,,,,
387,12926,충청본부,충청남도 아산시 배미동 188-2,장항선,1379.0,활용,사용허가(태양광),계속 사용허가(태양광),,,,,,,
388,12928,충청본부,충청남도 아산시 배미동 236-2,장항선,936.0,활용,사용허가(태양광),계속 사용허가(태양광),,,,,,,
389,12929,충청본부,충청남도 아산시 배미동 산18-4,장항선,5256.0,활용,사용허가(태양광),계속 사용허가(태양광),,,,,,,
390,12930,충청본부,충청남도 아산시 배미동 산18-6,장항선,3273.0,활용,사용허가(태양광),계속 사용허가(태양광),,,,,,,
391,12937,충청본부,충청남도 아산시 선장면 죽산리 182-11,장항선,943.0,활용,사용허가(태양광),계속 사용허가(태양광),,,,,,,
392,12938,충청본부,충청남도 아산시 선장면 죽산리 188-1,장항선,1025.0,활용,사용허가(태양광),계속 사용허가(태양광),,,,,,,
393,12939,충청본부,충청남도 아산시 선장면 죽산리 189-3,장항선,860.0,활용,사용허가(태양광),계속 사용허가(태양광),,,,,,,
394,12940,충청본부,충청남도 아산시 선장면 죽산리 189-4,장항선,688.0,활용,사용허가(태양광),계속 사용허가(태양광),,,,,,,
395,12941,충청본부,충청남도 아산시 선장면 죽산리 195-7,장항선,902.0,활용,사용허가(태양광),계속 사용허가(태양광),,,,,,,
396,12942,충청본부,충청남도 아산시 선장면 죽산리 196-1,장항선,281.0,활용,사용허가(태양광),계속 사용허가(태양광),,,,,,,
397,12943,충청본부,충청남도 아산시 선장면 죽산리 197-1,장항선,1345.0,활용,사용허가(태양광),계속 사용허가(태양광),,,,,,,
398,12944,충청본부,충청남도 아산시 선장면 죽산리 198-1,장항선,767.0,활용,사용허가(태양광),계속 사용허가(태양광),,,,,,,
399,12945,충청본부,충청남도 아산시 선장면 죽산리 201-4,장항선,2591.0,활용,사용허가(태양광),계속 사용허가(태양광),,,,,,,
400,12946,충청본부,충청남도 아산시 선장면 죽산리 202-1,장항선,742.0,활용,사용허가(태양광),계속 사용허가(태양광),,,,,,,
401,12948,충청본부,충청남도 아산시 선장면 죽산리 203-6,장항선,978.0,활용,사용허가(태양광),계속 사용허가(태양광),,,,,,,
402,12952,충청본부,충청남도 아산시 선장면 죽산리 380-1,장항선,168.0,활용,사용허가(태양광),계속 사용허가(태양광),,,,,,,
403,12954,충청본부,충청남도 아산시 신창면 궁화리 166-16,장항선,1264.0,활용,사용허가(태양광),계속 사용허가(태양광),,,,,,,
404,12955,충청본부,충청남도 아산시 신창면 궁화리 197-1,장항선,152.0,활용,사용허가(태양광),계속 사용허가(태양광),,,,,,,
405,12956,충청본부,충청남도 아산시 신창면 궁화리 198-1,장항선,1362.0,활용,사용허가(태양광),계속 사용허가(태양광),,,,,,,
406,12958,충청본부,충청남도 아산시 신창면 궁화리 208-2,장항선,1699.0,활용,사용허가(태양광),계속 사용허가(태양광),,,,,,,
407,12959,충청본부,충청남도 아산시 신창면 궁화리 210-3,장항선,218.0,활용,사용허가(태양광),계속 사용허가(태양광),,,,,,,
408,12961,충청본부,충청남도 아산시 신창면 궁화리 247-1,장항선,393.0,활용,사용허가(태양광),계속 사용허가(태양광),,,,,,,
409,12962,충청본부,충청남도 아산시 신창면 궁화리 260-1,장항선,1101.0,활용,사용허가(태양광),계속 사용허가(태양광),,,,,,,
410,12965,충청본부,충청남도 아산시 신창면 궁화리 37-3,장항선,3557.0,활용,사용허가(태양광),계속 사용허가(태양광),,,,,,,
411,12966,충청본부,충청남도 아산시 신창면 궁화리 51-2,장항선,800.0,활용,사용허가(태양광),계속 사용허가(태양광),,,,,,,
412,12967,충청본부,충청남도 아산시 신창면 궁화리 543-1,장항선,502.0,활용,사용허가(태양광),계속 사용허가(태양광),,,,,,,
413,12970,충청본부,충청남도 아산시 신창면 궁화리 544-2,장항선,605.0,활용,사용허가(태양광),계속 사용허가(태양광),,,,,,,
414,12971,충청본부,충청남도 아산시 신창면 궁화리 544-4,장항선,1220.0,활용,사용허가(태양광),계속 사용허가(태양광),,,,,,,
415,12974,충청본부,충청남도 아산시 신창면 궁화리 546-6,장항선,4553.0,활용,사용허가(태양광),계속 사용허가(태양광),,,,,,,
416,12975,충청본부,충청남도 아산시 신창면 궁화리 7-2,장항선,2595.0,활용,사용허가(태양광),계속 사용허가(태양광),,,,,,,
417,12976,충청본부,충청남도 아산시 신창면 궁화리 산12-2,장항선,1646.0,활용,사용허가(태양광),계속 사용허가(태양광),,,,,,,
418,12977,충청본부,충청남도 아산시 신창면 궁화리 산1-2,장항선,1091.0,활용,사용허가(태양광),계속 사용허가(태양광),,,,,,,
419,12978,충청본부,충청남도 아산시 신창면 궁화리 산53-2,장항선,3967.0,활용,사용허가(태양광),계속 사용허가(태양광),,,,,,,
420,12979,충청본부,충청남도 아산시 신창면 궁화리 산55-1,장항선,397.0,활용,사용허가(태양광),계속 사용허가(태양광),,,,,,,
421,12980,충청본부,충청남도 아산시 신창면 궁화리 산55-3,장항선,3074.0,활용,사용허가(태양광),계속 사용허가(태양광),,,,,,,
422,12981,충청본부,충청남도 아산시 신창면 궁화리 산63-15,장항선,1681.0,활용,사용허가(태양광),계속 사용허가(태양광),,,,,,,
423,12982,충청본부,충청남도 아산시 신창면 궁화리 산63-2,장항선,4463.0,활용,사용허가(태양광),계속 사용허가(태양광),,,,,,,
424,12983,충청본부,충청남도 아산시 신창면 궁화리 산81-19,장항선,1983.0,활용,사용허가(태양광),계속 사용허가(태양광),,,,,,,
425,12984,충청본부,충청남도 아산시 신창면 궁화리 산81-20,장항선,892.0,활용,사용허가(태양광),계속 사용허가(태양광),,,,,,,
426,12985,충청본부,충청남도 아산시 신창면 궁화리 산81-21,장항선,1886.0,활용,사용허가(태양광),계속 사용허가(태양광),,,,,,,
427,12986,충청본부,충청남도 아산시 신창면 남성리 209-2,장항선,4403.0,활용,사용허가(태양광),계속 사용허가(태양광),,,,,,,
428,12988,충청본부,충청남도 아산시 신창면 남성리 216-2,장항선,1418.0,활용,사용허가(태양광),계속 사용허가(태양광),,,,,,,
429,12989,충청본부,충청남도 아산시 신창면 남성리 218-2,장항선,3666.0,활용,사용허가(태양광),계속 사용허가(태양광),,,,,,,
430,12990,충청본부,충청남도 아산시 신창면 남성리 353-2,장항선,2557.0,활용,사용허가(태양광),계속 사용허가(태양광),,,,,,,
431,12991,충청본부,충청남도 아산시 신창면 남성리 358-2,장항선,955.0,활용,사용허가(태양광),계속 사용허가(태양광),,,,,,,
432,12992,충청본부,충청남도 아산시 신창면 남성리 360-2,장항선,1072.0,활용,사용허가(태양광),계속 사용허가(태양광),,,,,,,
433,12993,충청본부,충청남도 아산시 신창면 남성리 364-1,장항선,486.0,활용,사용허가(태양광),계속 사용허가(태양광),,,,,,,
434,12994,충청본부,충청남도 아산시 신창면 남성리 366-3,장항선,410.0,활용,사용허가(태양광),계속 사용허가(태양광),,,,,,,
435,12996,충청본부,충청남도 아산시 신창면 남성리 385-2,장항선,661.0,활용,사용허가(태양광),계속 사용허가(태양광),,,,,,,
436,12997,충청본부,충청남도 아산시 신창면 남성리 459-2,장항선,496.0,활용,사용허가(태양광),계속 사용허가(태양광),,,,,,,
437,12998,충청본부,충청남도 아산시 신창면 남성리 47-2,장항선,568.0,활용,사용허가(태양광),계속 사용허가(태양광),,,,,,,
438,12999,충청본부,충청남도 아산시 신창면 남성리 625-6,장항선,32.0,활용,사용허가(태양광),계속 사용허가(태양광),,,,,,,
439,13000,충청본부,충청남도 아산시 신창면 남성리 625-7,장항선,34.0,활용,사용허가(태양광),계속 사용허가(태양광),,,,,,,
440,13001,충청본부,충청남도 아산시 신창면 남성리 88-2,장항선,883.0,활용,사용허가(태양광),계속 사용허가(태양광),,,,,,,
441,13002,충청본부,충청남도 아산시 신창면 남성리 산40-2,장항선,1686.0,활용,사용허가(태양광),계속 사용허가(태양광),,,,,,,
442,13003,충청본부,충청남도 아산시 신창면 남성리 산41-2,장항선,2876.0,활용,사용허가(태양광),계속 사용허가(태양광),,,,,,,
443,13004,충청본부,충청남도 아산시 신창면 남성리 산42-2,장항선,694.0,활용,사용허가(태양광),계속 사용허가(태양광),,,,,,,
444,13005,충청본부,충청남도 아산시 신창면 남성리 산43-2,장항선,3669.0,활용,사용허가(태양광),계속 사용허가(태양광),,,,,,,
445,13006,충청본부,충청남도 아산시 신창면 신달리 247-2,장항선,1910.0,활용,사용허가(태양광),계속 사용허가(태양광),,,,,,,
446,13007,충청본부,충청남도 아산시 신창면 신달리 272-2,장항선,866.0,활용,사용허가(태양광),계속 사용허가(태양광),,,,,,,
447,13008,충청본부,충청남도 아산시 신창면 신달리 274-1,장항선,360.0,활용,사용허가(태양광),계속 사용허가(태양광),,,,,,,
448,13009,충청본부,충청남도 아산시 신창면 신달리 275-2,장항선,2237.0,활용,사용허가(태양광),계속 사용허가(태양광),,,,,,,
449,13013,충청본부,충청남도 아산시 신창면 신달리 산29-2,장항선,496.0,활용,사용허가(태양광),계속 사용허가(태양광),,,,,,,
450,13014,충청본부,충청남도 아산시 신창면 신달리 산30-2,장항선,1289.0,활용,사용허가(태양광),계속 사용허가(태양광),,,,,,,
451,13022,충청본부,충청남도 아산시 신창면 오목리 375-2,장항선,2532.0,활용,사용허가(태양광),계속 사용허가(태양광),,,,,,,
452,13023,충청본부,충청남도 아산시 신창면 오목리 381-1,장항선,2612.0,활용,사용허가(태양광),계속 사용허가(태양광),,,,,,,
453,13024,충청본부,충청남도 아산시 신창면 오목리 401-2,장항선,159.0,활용,사용허가(태양광),계속 사용허가(태양광),,,,,,,
454,13025,충청본부,충청남도 아산시 신창면 오목리 402-2,장항선,1908.0,활용,사용허가(태양광),계속 사용허가(태양광),,,,,,,
455,13026,충청본부,충청남도 아산시 신창면 오목리 469-2,장항선,826.0,활용,사용허가(태양광),계속 사용허가(태양광),,,,,,,
456,13027,충청본부,충청남도 아산시 신창면 오목리 4-2,장항선,1666.0,활용,사용허가(태양광),계속 사용허가(태양광),,,,,,,
457,13029,충청본부,충청남도 아산시 신창면 오목리 산112-2,장항선,1785.0,활용,사용허가(태양광),계속 사용허가(태양광),,,,,,,
458,13030,충청본부,충청남도 아산시 신창면 오목리 산113-2,장항선,1983.0,활용,사용허가(태양광),계속 사용허가(태양광),,,,,,,
459,13062,충청본부,충청남도 아산시 선장면 죽산리 181-14,장항선,939.0,활용,사용허가(태양광),계속 사용허가(태양광),,,,,,,
460,13063,충청본부,충청남도 아산시 선장면 죽산리 181-15,장항선,1084.0,활용,사용허가(태양광),계속 사용허가(태양광),,,,,,,
461,13065,충청본부,충청남도 아산시 선장면 죽산리 181-18,장항선,2883.0,활용,사용허가(태양광),계속 사용허가(태양광),,,,,,,
462,13066,충청본부,충청남도 아산시 선장면 죽산리 181-20,장항선,79.0,활용,사용허가(태양광),계속 사용허가(태양광),,,,,,,
463,13068,충청본부,충청남도 아산시 선장면 죽산리 181-23,장항선,806.0,활용,사용허가(태양광),계속 사용허가(태양광),,,,,,,
464,13070,충청본부,충청남도 아산시 선장면 죽산리 181-25,장항선,486.0,활용,사용허가(태양광),계속 사용허가(태양광),,,,,,,
465,13482,충청본부,충청남도 홍성군 홍북면 갈산리 225-2,장항선,413.0,활용,사용허가(태양광),계속 사용허가(태양광),,,,,,,
466,13483,충청본부,충청남도 홍성군 홍북면 갈산리 226-3,장항선,1223.0,활용,사용허가(태양광),계속 사용허가(태양광),,,,,,,
467,13484,충청본부,충청남도 홍성군 홍북면 갈산리 산13-2,장항선,1190.0,활용,사용허가(태양광),계속 사용허가(태양광),,,,,,,
468,13485,충청본부,충청남도 홍성군 홍북면 갈산리 산18-2,장항선,496.0,활용,사용허가(태양광),계속 사용허가(태양광),,,,,,,
469,13486,충청본부,충청남도 홍성군 홍북면 노은리 270-2,장항선,2122.0,활용,사용허가(태양광),계속 사용허가(태양광),,,,,,,
470,13487,충청본부,충청남도 홍성군 홍북면 노은리 227-2,장항선,4414.0,활용,사용허가(태양광),계속 사용허가(태양광),,,,,,,
471,13488,충청본부,충청남도 보령시 주포면 관산리 465-2,장항선,747.0,활용,사용허가(태양광),계속 사용허가(태양광),,,,,,,
472,13489,충청본부,충청남도 보령시 주포면 관산리 466-2,장항선,704.0,활용,사용허가(태양광),계속 사용허가(태양광),,,,,,,
473,13490,충청본부,충청남도 보령시 주포면 관산리 445-2,장항선,1628.0,활용,사용허가(태양광),계속 사용허가(태양광),,,,,,,
474,13506,충청본부,충청남도 홍성군 홍성읍 학계리 126-1,장항선,761.0,활용,사용허가(태양광),계속 사용허가(태양광),,,,,,,
475,13509,충청본부,충청남도 홍성군 홍성읍 학계리 438-1,장항선,50.0,활용,사용허가(태양광),계속 사용허가(태양광),,,,,,,
476,13510,충청본부,충청남도 홍성군 홍성읍 학계리 437-3,장항선,1273.0,활용,사용허가(태양광),계속 사용허가(태양광),,,,,,,
477,13511,충청본부,충청남도 홍성군 홍성읍 학계리 447-1,장항선,50.0,활용,사용허가(태양광),계속 사용허가(태양광),,,,,,,
478,13526,충청본부,충청남도 홍성군 홍성읍 학계리 126-1,장항선,761.0,활용,사용허가(태양광),계속 사용허가(태양광),,,,,,,
479,13529,충청본부,충청남도 홍성군 홍성읍 학계리 438-1,장항선,50.0,활용,사용허가(태양광),계속 사용허가(태양광),,,,,,,
480,13530,충청본부,충청남도 홍성군 홍성읍 학계리 437-3,장항선,1273.0,활용,사용허가(태양광),계속 사용허가(태양광),,,,,,,
481,13531,충청본부,충청남도 홍성군 홍성읍 학계리 447-1,장항선,50.0,활용,사용허가(태양광),계속 사용허가(태양광),,,,,,,
482,13532,충청본부,충청남도 홍성군 홍성읍 학계리 434-2,장항선,737.0,활용,사용허가(태양광),계속 사용허가(태양광),,,,,,,
483,13533,충청본부,충청남도 홍성군 홍성읍 학계리 447-3,장항선,205.0,활용,사용허가(태양광),계속 사용허가(태양광),,,,,,,
484,13534,충청본부,충청남도 홍성군 홍성읍 학계리 산134-2,장항선,992.0,활용,사용허가(태양광),계속 사용허가(태양광),,,,,,,
485,13535,충청본부,충청남도 홍성군 홍성읍 학계리 433-2,장항선,10.0,활용,사용허가(태양광),계속 사용허가(태양광),,,,,,,
486,13536,충청본부,충청남도 홍성군 홍성읍 학계리 427-2,장항선,23.0,활용,사용허가(태양광),계속 사용허가(태양광),,,,,,,
487,13537,충청본부,충청남도 홍성군 홍성읍 학계리 444-4,장항선,238.0,활용,사용허가(태양광),계속 사용허가(태양광),,,,,,,
488,13538,충청본부,충청남도 홍성군 홍성읍 학계리 274-5,장항선,1005.0,활용,사용허가(태양광),계속 사용허가(태양광),,,,,,,
489,13539,충청본부,충청남도 홍성군 홍성읍 학계리 274-1,장항선,30.0,활용,사용허가(태양광),계속 사용허가(태양광),,,,,,,
490,13540,충청본부,충청남도 홍성군 홍성읍 학계리 348-2,장항선,2178.0,활용,사용허가(태양광),계속 사용허가(태양광),,,,,,,
491,13541,충청본부,충청남도 홍성군 홍성읍 학계리 306-2,장항선,1191.0,활용,사용허가(태양광),계속 사용허가(태양광),,,,,,,
492,13542,충청본부,충청남도 홍성군 홍성읍 학계리 124-1,장항선,301.0,활용,사용허가(태양광),계속 사용허가(태양광),,,,,,,
493,13543,충청본부,충청남도 홍성군 홍성읍 학계리 642-1,장항선,1008.0,활용,사용허가(태양광),계속 사용허가(태양광),,,,,,,
494,13544,충청본부,충청남도 홍성군 홍성읍 학계리 631-3,장항선,438.0,활용,사용허가(태양광),계속 사용허가(태양광),,,,,,,
495,13545,충청본부,충청남도 홍성군 홍성읍 학계리 631-6,장항선,129.0,활용,사용허가(태양광),계속 사용허가(태양광),,,,,,,
496,13634,충청본부,충청남도 보령시 주포면 관산리 466-2,장항선,704.0,활용,사용허가(태양광),계속 사용허가(태양광),,,,,,,
497,13635,충청본부,충청남도 보령시 주포면 관산리 449-1,장항선,2025.0,활용,사용허가(태양광),계속 사용허가(태양광),,,,,,,
498,13636,충청본부,충청남도 보령시 주포면 관산리 445-2,장항선,1628.0,활용,사용허가(태양광),계속 사용허가(태양광),,,,,,,
499,13491,충청본부,충청남도 홍성군 홍성읍 고암리 844-7,장항선,443.0,활용,미사용,사용허가(태양광),,,,,,,
500,13492,충청본부,충청남도 홍성군 홍성읍 고암리 819-9,장항선,760.0,활용,미사용,사용허가(태양광),,,,,,,
501,13493,충청본부,충청남도 홍성군 홍성읍 고암리 819-9,장항선,760.0,활용,미사용,사용허가(태양광),,,,,,,
502,13494,충청본부,충청남도 홍성군 홍성읍 고암리 787-2,장항선,3907.0,활용,미사용,사용허가(태양광),,,,,,,
503,13495,충청본부,충청남도 홍성군 홍성읍 고암리 산67-1,장항선,271.0,활용,미사용,사용허가(태양광),,,,,,,
504,13496,충청본부,충청남도 홍성군 홍성읍 고암리 261-2,장항선,9415.0,활용,미사용,사용허가(태양광),,,,,,,
505,13497,충청본부,충청남도 홍성군 홍성읍 고암리 298-2,장항선,324.0,활용,미사용,사용허가(태양광),,,,,,,
506,13498,충청본부,충청남도 홍성군 홍성읍 고암리 415-13,장항선,1164.0,활용,미사용,사용허가(태양광),,,,,,,
507,13499,충청본부,충청남도 홍성군 홍성읍 고암리 498-7,장항선,3018.0,활용,미사용,사용허가(태양광),,,,,,,
508,13500,충청본부,충청남도 홍성군 홍성읍 고암리 498-1,장항선,1238.0,활용,미사용,사용허가(태양광),,,,,,,
509,13501,충청본부,충청남도 홍성군 홍성읍 고암리 415-31,장항선,10058.0,활용,미사용,사용허가(태양광),,,,,,,
510,13502,충청본부,충청남도 홍성군 홍성읍 학계리 304-3,장항선,275.0,활용,미사용,사용허가(태양광),,,,,,,
511,13503,충청본부,충청남도 홍성군 홍성읍 학계리 282-1,장항선,142.0,활용,미사용,사용허가(태양광),,,,,,,
512,13504,충청본부,충청남도 홍성군 홍성읍 학계리 299-1,장항선,1233.0,활용,미사용,사용허가(태양광),,,,,,,
513,13505,충청본부,충청남도 홍성군 홍성읍 학계리 282-4,장항선,1825.0,활용,미사용,사용허가(태양광),,,,,,,
514,13507,충청본부,충청남도 홍성군 홍성읍 학계리 4-2,장항선,853.0,활용,미사용,사용허가(태양광),,,,,,,
515,13508,충청본부,충청남도 홍성군 홍성읍 학계리 6-2,장항선,1505.0,활용,미사용,사용허가(태양광),,,,,,,
516,13512,충청본부,충청남도 홍성군 홍성읍 고암리 844-7,장항선,443.0,활용,미사용,사용허가(태양광),,,,,,,
517,13513,충청본부,충청남도 홍성군 홍성읍 고암리 819-9,장항선,760.0,활용,미사용,사용허가(태양광),,,,,,,
518,13514,충청본부,충청남도 홍성군 홍성읍 고암리 819-9,장항선,760.0,활용,미사용,사용허가(태양광),,,,,,,
519,13515,충청본부,충청남도 홍성군 홍성읍 고암리 787-2,장항선,3907.0,활용,미사용,사용허가(태양광),,,,,,,
520,13516,충청본부,충청남도 홍성군 홍성읍 고암리 산67-1,장항선,271.0,활용,미사용,사용허가(태양광),,,,,,,
521,13517,충청본부,충청남도 홍성군 홍성읍 고암리 261-2,장항선,9415.0,활용,미사용,사용허가(태양광),,,,,,,
522,13518,충청본부,충청남도 홍성군 홍성읍 고암리 298-2,장항선,324.0,활용,미사용,사용허가(태양광),,,,,,,
523,13519,충청본부,충청남도 홍성군 홍성읍 고암리 415-13,장항선,1164.0,활용,미사용,사용허가(태양광),,,,,,,
524,13520,충청본부,충청남도 홍성군 홍성읍 고암리 498-7,장항선,3018.0,활용,미사용,사용허가(태양광),,,,,,,
525,13521,충청본부,충청남도 홍성군 홍성읍 고암리 498-1,장항선,1238.0,활용,미사용,사용허가(태양광),,,,,,,
526,13522,충청본부,충청남도 홍성군 홍성읍 고암리 415-31,장항선,10058.0,활용,미사용,사용허가(태양광),,,,,,,
527,13523,충청본부,충청남도 홍성군 홍성읍 학계리 282-1,장항선,142.0,활용,미사용,사용허가(태양광),,,,,,,
528,13524,충청본부,충청남도 홍성군 홍성읍 학계리 299-1,장항선,1233.0,활용,미사용,사용허가(태양광),,,,,,,
529,13525,충청본부,충청남도 홍성군 홍성읍 학계리 282-4,장항선,1825.0,활용,미사용,사용허가(태양광),,,,,,,
530,13527,충청본부,충청남도 홍성군 홍성읍 학계리 4-2,장항선,853.0,활용,미사용,사용허가(태양광),,,,,,,
531,13528,충청본부,충청남도 홍성군 홍성읍 학계리 6-2,장항선,1505.0,활용,미사용,사용허가(태양광),,,,,,,
532,13546,충청본부,충청남도 홍성군 홍성읍 학계리 640-2,장항선,4160.0,활용,미사용,사용허가(태양광),,,,,,,
533,13547,충청본부,충청남도 홍성군 홍성읍 학계리 640-2,장항선,4160.0,활용,미사용,사용허가(태양광),,,,,,,
534,13548,충청본부,충청남도 홍성군 홍성읍 학계리 358-2,장항선,3011.0,활용,미사용,사용허가(태양광),,,,,,,
535,13549,충청본부,충청남도 홍성군 홍성읍 학계리 산134-1,장항선,7438.0,활용,미사용,사용허가(태양광),,,,,,,
536,13550,충청본부,충청남도 홍성군 홍성읍 학계리 산145-2,장항선,1884.0,활용,미사용,사용허가(태양광),,,,,,,
537,13551,충청본부,충청남도 홍성군 금마면 죽림리 산1-20,장항선,694.0,활용,미사용,사용허가(태양광),,,,,,,
538,13552,충청본부,충청남도 홍성군 금마면 죽림리 705-2,장항선,2595.0,활용,미사용,사용허가(태양광),,,,,,,
539,13554,충청본부,충청남도 홍성군 금마면 죽림리 431-1,장항선,8480.0,활용,미사용,사용허가(태양광),,,,,,,
540,13555,충청본부,충청남도 홍성군 금마면 죽림리 116-2,장항선,2053.0,활용,미사용,사용허가(태양광),,,,,,,
541,13556,충청본부,충청남도 홍성군 금마면 죽림리 산1-2,장항선,298.0,활용,미사용,사용허가(태양광),,,,,,,
542,13557,충청본부,충청남도 홍성군 금마면 죽림리 산1-4,장항선,298.0,활용,미사용,사용허가(태양광),,,,,,,
543,13558,충청본부,충청남도 홍성군 금마면 죽림리 산2-4,장항선,99.0,활용,미사용,사용허가(태양광),,,,,,,
544,13559,충청본부,충청남도 홍성군 금마면 죽림리 산2-2,장항선,992.0,활용,미사용,사용허가(태양광),,,,,,,
545,13560,충청본부,충청남도 홍성군 홍성읍 학계리 631-1,장항선,112.0,활용,미사용,사용허가(태양광),,,,,,,
546,13637,충청본부,충청남도 홍성군 홍성읍 내법리 산68-1,장항선,23.0,활용,미사용,사용허가(태양광),,,,,,,
547,13638,충청본부,충청남도 홍성군 홍성읍 내법리 78-3,장항선,3209.0,활용,미사용,사용허가(태양광),,,,,,,
548,13639,충청본부,충청남도 홍성군 홍성읍 내법리 78-6,장항선,470.0,활용,미사용,사용허가(태양광),,,,,,,
549,13640,충청본부,충청남도 홍성군 홍성읍 내법리 143-2,장항선,6102.0,활용,미사용,사용허가(태양광),,,,,,,
550,13641,충청본부,충청남도 홍성군 홍성읍 내법리 85-3,장항선,331.0,활용,미사용,사용허가(태양광),,,,,,,
551,13642,충청본부,충청남도 홍성군 홍성읍 내법리 83-1,장항선,238.0,활용,미사용,사용허가(태양광),,,,,,,
552,13643,충청본부,충청남도 홍성군 홍성읍 내법리 85-3,장항선,331.0,활용,미사용,사용허가(태양광),,,,,,,
553,13644,충청본부,충청남도 홍성군 홍성읍 내법리 12-2,장항선,18285.0,활용,미사용,사용허가(태양광),,,,,,,
554,13645,충청본부,충청남도 홍성군 홍성읍 내법리 422-1,장항선,171.0,활용,미사용,사용허가(태양광),,,,,,,
555,13646,충청본부,충청남도 홍성군 홍성읍 내법리 425-1,장항선,48.0,활용,미사용,사용허가(태양광),,,,,,,
556,13647,충청본부,충청남도 홍성군 홍성읍 내법리 426-1,장항선,38.0,활용,미사용,사용허가(태양광),,,,,,,
557,14199,충청본부,충청남도 서천군 마서면 장선리 412-2,장항선,7120.0,활용,미사용,사용허가(태양광),,,,,,,
558,14200,충청본부,충청남도 서천군 마서면 장선리 431-2,장항선,7287.0,활용,미사용,사용허가(태양광),,,,,,,
559,14214,충청본부,충청남도 서천군 서천읍 삼산리 624-2,장항선,9641.0,활용,미사용,사용허가(태양광),,,,,,,
560,14217,충청본부,충청남도 서천군 서천읍 삼산리 724-2,장항선,2087.0,활용,미사용,사용허가(태양광),,,,,,,
561,5418,영남본부,부산광역시 부산진구 부암동 684ㅡ18,경부선,10.0,활용,미사용,태양광부지 사용허가,,,,,,,
562,5419,영남본부,부산광역시 부산진구 부암동 684ㅡ3,경부선,1.0,활용,미사용,태양광부지 사용허가,,,,,,,
